employee_id,department,company
1,Research and Development,Eidel
2,Business Development,Youopia
3,Business Development,Eayo
4,Services,LiveZ
5,Engineering,Photobug
6,Engineering,Rhyzio
7,Human Resources,Quinu
8,Marketing,Realmix
9,Marketing,Kazu
10,Services,Skinix
11,Business Development,Youfeed
12,Services,Edgepulse
13,Business Development,Edgeblab
14,Services,Avamm
15,Marketing,Realcube
16,Marketing,Blognation
17,Legal,Voonte
18,Engineering,LiveZ
19,Support,Yacero
20,Sales,Blogtags
21,Marketing,Edgewire
22,Legal,Feedbug
23,Research and Development,Skiptube
24,Accounting,Aimbu
25,Human Resources,Aibox
26,Services,Demizz
27,Business Development,Meetz
28,Business Development,Kimia
29,Services,Browsezoom
30,Services,Gigazoom
31,Accounting,Demimbu
32,Marketing,Mynte
33,Product Management,Npath
34,Product Management,Omba
35,Accounting,Trudeo
36,Engineering,Voomm
37,Support,Bubblemix
38,Marketing,Skyndu
39,Sales,Gigashots
40,Services,Quamba
41,Marketing,Ainyx
42,Support,Centimia
43,Research and Development,Vinte
44,Research and Development,Kwideo
45,Research and Development,Babbleblab
46,Product Management,Oba
47,Business Development,Ntags
48,Marketing,Dynabox
49,Sales,Yombu
50,Services,Bluezoom
51,Support,Jabbersphere
52,Marketing,Dazzlesphere
53,Sales,Edgewire
54,Business Development,BlogXS
55,Research and Development,JumpXS
56,Services,Rhyzio
57,Legal,Twiyo
58,Research and Development,Cogibox
59,Support,Realpoint
60,Research and Development,Avavee
61,Human Resources,Podcat
62,Business Development,Skyba
63,Support,Browsetype
64,Sales,Voonte
65,Services,Cogilith
66,Product Management,Brainsphere
67,Sales,Linkbuzz
68,Support,Dynava
69,Business Development,Kwilith
70,Training,Browsecat
71,Sales,Brightbean
72,Product Management,Devify
73,Engineering,Wikizz
74,Engineering,Blogtags
75,Human Resources,Voolia
76,Research and Development,Rooxo
77,Product Management,Blognation
78,Product Management,Jaxbean
79,Legal,Gigazoom
80,Research and Development,Skynoodle
81,Training,Pixoboo
82,Research and Development,Tanoodle
83,Accounting,Vipe
84,Services,Mymm
85,Engineering,Lazzy
86,Marketing,Thoughtbeat
87,Engineering,Kwimbee
88,Product Management,Youopia
89,Accounting,Browsedrive
90,Training,Devpoint
91,Legal,Zoombox
92,Support,Zooveo
93,Human Resources,Teklist
94,Research and Development,Avavee
95,Accounting,Quimm
96,Sales,Gabspot
97,Legal,Twitterwire
98,Services,InnoZ
99,Legal,Vipe
100,Product Management,Divavu
101,Marketing,Mita
102,Training,Realcube
103,Legal,Agimba
104,Engineering,Voonyx
105,Training,Eidel
106,Human Resources,Trunyx
107,Services,Tanoodle
108,Research and Development,Vipe
109,Product Management,Wikibox
110,Business Development,Yakijo
111,Legal,Pixonyx
112,Engineering,Realblab
113,Business Development,Eire
114,Training,Linkbridge
115,Training,LiveZ
116,Accounting,Skippad
117,Business Development,Browsebug
118,Marketing,Tazzy
119,Research and Development,Rooxo
120,Sales,Fadeo
121,Accounting,Skivee
122,Human Resources,Skyba
123,Product Management,Realmix
124,Legal,Tagpad
125,Accounting,Youtags
126,Sales,Fatz
127,Business Development,Shufflester
128,Research and Development,Rooxo
129,Engineering,Realfire
130,Training,Voonyx
131,Business Development,Topdrive
132,Legal,Viva
133,Accounting,Trudoo
134,Support,Janyx
135,Business Development,Fiveclub
136,Accounting,Browsedrive
137,Accounting,Myworks
138,Human Resources,Edgeclub
139,Business Development,Edgeify
140,Human Resources,Meevee
141,Sales,Livepath
142,Training,Shuffletag
143,Training,Jayo
144,Training,Edgepulse
145,Research and Development,Browsezoom
146,Sales,BlogXS
147,Legal,Latz
148,Accounting,Photospace
149,Sales,Livefish
150,Engineering,Quinu
151,Training,Wordify
152,Legal,Innotype
153,Human Resources,Gabspot
154,Marketing,Flipbug
155,Legal,Topicstorm
156,Accounting,Oozz
157,Business Development,Jabberbean
158,Research and Development,Voolia
159,Marketing,Meevee
160,Accounting,Yozio
161,Accounting,Yozio
162,Marketing,Mynte
163,Business Development,Centizu
164,Services,Kwideo
165,Support,Geba
166,Marketing,Plajo
167,Business Development,Brightbean
168,Engineering,Thoughtbeat
169,Legal,Kare
170,Product Management,Kimia
171,Engineering,Wordify
172,Training,Tagcat
173,Accounting,Jabbersphere
174,Sales,Quatz
175,Engineering,Shufflester
176,Support,Skalith
177,Sales,Buzzbean
178,Human Resources,Wikizz
179,Research and Development,Thoughtbridge
180,Research and Development,Pixonyx
181,Training,Camido
182,Sales,Demimbu
183,Engineering,Buzzster
184,Services,Wordpedia
185,Training,Riffpedia
186,Legal,Gabcube
187,Research and Development,Wordpedia
188,Engineering,Eazzy
189,Engineering,Gabvine
190,Training,Brainbox
191,Business Development,Riffpath
192,Accounting,Janyx
193,Marketing,Edgeblab
194,Training,Eamia
195,Marketing,Zoozzy
196,Product Management,Demivee
197,Business Development,Ntags
198,Sales,Dabjam
199,Training,Linklinks
200,Sales,Wordtune
201,Support,Yombu
202,Accounting,Gabspot
203,Support,Buzzbean
204,Sales,Avamba
205,Business Development,Zooxo
206,Services,Livetube
207,Research and Development,Youtags
208,Engineering,Yombu
209,Support,Flashspan
210,Engineering,Realmix
211,Engineering,Gabcube
212,Accounting,Blogpad
213,Marketing,Babblestorm
214,Research and Development,Gabspot
215,Human Resources,Feedbug
216,Product Management,Devbug
217,Legal,Voonyx
218,Training,Jaxbean
219,Marketing,Yotz
220,Research and Development,Realmix
221,Sales,Buzzbean
222,Product Management,Latz
223,Research and Development,Edgepulse
224,Engineering,Mydeo
225,Human Resources,Jamia
226,Research and Development,Rooxo
227,Product Management,Twimbo
228,Services,Voonte
229,Sales,Thoughtblab
230,Services,Avaveo
231,Marketing,Zoombeat
232,Legal,Livepath
233,Human Resources,Jaxbean
234,Training,Jayo
235,Sales,Gevee
236,Services,Vipe
237,Marketing,Ntag
238,Training,Topicstorm
239,Support,Devcast
240,Sales,Jabbersphere
241,Engineering,Kwimbee
242,Training,Edgeblab
243,Accounting,Chatterpoint
244,Product Management,Riffpedia
245,Sales,LiveZ
246,Training,Realpoint
247,Support,Skajo
248,Services,Ntags
249,Sales,Yakijo
250,Support,Skinix
251,Engineering,Meejo
252,Research and Development,Riffwire
253,Support,Eare
254,Training,Eimbee
255,Sales,Lajo
256,Human Resources,Eidel
257,Sales,Blogtags
258,Accounting,Edgeblab
259,Services,Oozz
260,Product Management,Eire
261,Training,Ainyx
262,Training,Trilia
263,Engineering,Jayo
264,Business Development,Fanoodle
265,Human Resources,Twimm
266,Support,Browsezoom
267,Research and Development,Eabox
268,Engineering,Divavu
269,Sales,Photobug
270,Product Management,InnoZ
271,Product Management,Demivee
272,Engineering,Agivu
273,Support,Eidel
274,Marketing,Blogtags
275,Marketing,Yadel
276,Accounting,Jamia
277,Accounting,JumpXS
278,Marketing,Meetz
279,Research and Development,Roodel
280,Marketing,Zoomzone
281,Human Resources,Cogidoo
282,Legal,Yotz
283,Business Development,Wordpedia
284,Marketing,Divape
285,Human Resources,Plambee
286,Product Management,Riffpedia
287,Human Resources,Rhycero
288,Business Development,Kwinu
289,Research and Development,Topicshots
290,Engineering,Flashspan
291,Sales,Eire
292,Marketing,Mynte
293,Marketing,Demivee
294,Engineering,Brainbox
295,Training,Voonyx
296,Training,Skipfire
297,Engineering,Edgeclub
298,Legal,Youtags
299,Support,Mybuzz
300,Sales,Feedbug
301,Training,Digitube
302,Engineering,Browsebug
303,Sales,Fivebridge
304,Product Management,Skimia
305,Legal,Edgewire
306,Training,Yombu
307,Accounting,Youfeed
308,Engineering,Ntag
309,Legal,Yotz
310,Services,Browsezoom
311,Accounting,Dabshots
312,Human Resources,Jayo
313,Accounting,Linktype
314,Human Resources,Kaymbo
315,Support,Linklinks
316,Human Resources,Dynabox
317,Engineering,Bubblebox
318,Business Development,Quatz
319,Marketing,Rhynoodle
320,Accounting,Jabberbean
321,Legal,Lajo
322,Human Resources,Minyx
323,Training,Eayo
324,Training,Rhyloo
325,Marketing,Youtags
326,Research and Development,Wikido
327,Services,Livefish
328,Accounting,Brainbox
329,Product Management,Tavu
330,Support,Thoughtblab
331,Engineering,Kazio
332,Legal,Rhynyx
333,Product Management,Dynava
334,Sales,Jabbercube
335,Engineering,Eare
336,Sales,Pixoboo
337,Legal,Skipstorm
338,Business Development,Quinu
339,Product Management,Meejo
340,Accounting,Abata
341,Marketing,Skinix
342,Accounting,Dynabox
343,Product Management,Snaptags
344,Business Development,Kazu
345,Accounting,Centimia
346,Accounting,Feedspan
347,Business Development,Jaloo
348,Business Development,Demimbu
349,Support,Miboo
350,Accounting,Flashset
351,Product Management,Realfire
352,Business Development,Mymm
353,Human Resources,Thoughtsphere
354,Marketing,Brainsphere
355,Engineering,Trupe
356,Research and Development,Zoovu
357,Product Management,Zooxo
358,Product Management,Centidel
359,Training,Zoonoodle
360,Legal,Podcat
361,Accounting,Snaptags
362,Product Management,Tazz
363,Sales,Yamia
364,Marketing,Photojam
365,Sales,Voonyx
366,Accounting,Twitterbeat
367,Human Resources,Thoughtsphere
368,Services,Yombu
369,Legal,Flipbug
370,Marketing,Mymm
371,Legal,Quaxo
372,Legal,Yambee
373,Product Management,Twitterbeat
374,Training,Livetube
375,Accounting,Izio
376,Marketing,Dablist
377,Legal,Brainsphere
378,Marketing,Rhynoodle
379,Research and Development,Talane
380,Support,Skippad
381,Support,Dabvine
382,Accounting,Skalith
383,Training,Trudeo
384,Services,Devshare
385,Business Development,Yabox
386,Accounting,Mita
387,Research and Development,Skimia
388,Accounting,Leexo
389,Research and Development,Skinix
390,Legal,Flipstorm
391,Research and Development,Browsezoom
392,Training,Jetpulse
393,Marketing,Photolist
394,Human Resources,Jaxbean
395,Marketing,Meeveo
396,Marketing,Voomm
397,Research and Development,Oyope
398,Marketing,Mynte
399,Business Development,Ntags
400,Business Development,Meedoo
401,Engineering,Buzzshare
402,Business Development,Jabbercube
403,Research and Development,Twiyo
404,Engineering,Tagopia
405,Legal,Yakitri
406,Sales,Skajo
407,Business Development,Skiptube
408,Accounting,Shuffletag
409,Services,Zoomcast
410,Legal,Avaveo
411,Product Management,Kazu
412,Services,Vinte
413,Services,Thoughtbridge
414,Sales,Skyvu
415,Human Resources,Dabvine
416,Business Development,Realmix
417,Business Development,Babbleopia
418,Research and Development,Vimbo
419,Support,Zoozzy
420,Legal,Eimbee
421,Training,Divanoodle
422,Legal,Yombu
423,Research and Development,Flipstorm
424,Product Management,Agimba
425,Research and Development,Latz
426,Services,Jabbertype
427,Marketing,Topicshots
428,Engineering,Rhyloo
429,Business Development,Kazio
430,Services,Mudo
431,Training,Mymm
432,Accounting,Mycat
433,Support,Mydeo
434,Support,Riffpath
435,Services,Flashspan
436,Support,Rooxo
437,Business Development,Trilia
438,Accounting,Brainlounge
439,Marketing,Mita
440,Engineering,Divanoodle
441,Legal,Wikizz
442,Marketing,Zoombox
443,Business Development,Wordpedia
444,Marketing,Kanoodle
445,Sales,Mydo
446,Support,Kaymbo
447,Business Development,Tekfly
448,Training,Midel
449,Legal,Meevee
450,Business Development,Yodel
451,Research and Development,Bubbletube
452,Legal,Trudoo
453,Sales,Oodoo
454,Support,Eadel
455,Services,Leenti
456,Business Development,Thoughtworks
457,Services,Brainbox
458,Business Development,Viva
459,Product Management,Zoombeat
460,Human Resources,Wikibox
461,Sales,Feedfire
462,Human Resources,Trilia
463,Research and Development,Feedbug
464,Sales,Eadel
465,Sales,Zoonder
466,Engineering,Edgetag
467,Business Development,Eazzy
468,Legal,Avavee
469,Services,Vitz
470,Sales,Brainlounge
471,Business Development,Twimbo
472,Legal,Wikibox
473,Business Development,Yabox
474,Accounting,Topicshots
475,Research and Development,Flipopia
476,Legal,Babbleset
477,Engineering,Oozz
478,Training,Demizz
479,Business Development,Jabbertype
480,Business Development,Twimm
481,Sales,Quaxo
482,Engineering,Wikido
483,Product Management,Quinu
484,Support,Abatz
485,Services,Fivechat
486,Training,Plajo
487,Product Management,Brainsphere
488,Human Resources,Omba
489,Product Management,Mycat
490,Support,Devpoint
491,Product Management,Realcube
492,Services,Divavu
493,Legal,Oozz
494,Services,Quatz
495,Services,Wordtune
496,Support,JumpXS
497,Legal,Brightbean
498,Product Management,Topdrive
499,Services,Eamia
500,Research and Development,Skimia
501,Training,Babbleblab
502,Sales,Yacero
503,Services,Skyba
504,Human Resources,Twinder
505,Human Resources,Buzzdog
506,Human Resources,Yamia
507,Legal,Buzzster
508,Accounting,Rhynoodle
509,Accounting,Babbleset
510,Legal,Brightbean
511,Legal,Rhycero
512,Accounting,Wikizz
513,Training,Pixoboo
514,Engineering,Twimm
515,Product Management,Vimbo
516,Product Management,Browsezoom
517,Research and Development,Rhynyx
518,Legal,Jaxworks
519,Marketing,Dabshots
520,Business Development,Tekfly
521,Product Management,Mydeo
522,Research and Development,Skiptube
523,Services,Trunyx
524,Sales,Vinder
525,Legal,Yakitri
526,Human Resources,Browsecat
527,Support,Ntag
528,Training,Latz
529,Research and Development,Fliptune
530,Research and Development,Kaymbo
531,Support,Gigabox
532,Engineering,Skaboo
533,Marketing,Zoonder
534,Engineering,Babbleblab
535,Research and Development,Skinder
536,Marketing,Cogidoo
537,Accounting,Yacero
538,Training,Zava
539,Engineering,Eazzy
540,Marketing,Tagopia
541,Human Resources,Ailane
542,Engineering,Devbug
543,Engineering,Dazzlesphere
544,Support,Thoughtworks
545,Engineering,Kare
546,Training,Devpoint
547,Accounting,Realbridge
548,Training,Dynazzy
549,Services,JumpXS
550,Support,Eazzy
551,Services,Jetpulse
552,Marketing,Zoomzone
553,Legal,Kayveo
554,Training,Fiveclub
555,Sales,Photofeed
556,Marketing,Thoughtmix
557,Services,Skynoodle
558,Legal,Twinte
559,Services,Flipopia
560,Accounting,LiveZ
561,Human Resources,Thoughtmix
562,Legal,Shuffledrive
563,Legal,Demimbu
564,Product Management,Jaxworks
565,Human Resources,Meedoo
566,Training,Divape
567,Product Management,Lajo
568,Sales,Roombo
569,Marketing,Feedfish
570,Sales,Devpulse
571,Services,Tazz
572,Research and Development,Buzzshare
573,Accounting,Katz
574,Accounting,Flashset
575,Research and Development,Podcat
576,Product Management,Meezzy
577,Engineering,Flipopia
578,Business Development,Quinu
579,Engineering,Meemm
580,Marketing,Dablist
581,Legal,Skyvu
582,Engineering,Kayveo
583,Accounting,Divape
584,Accounting,Eadel
585,Training,Camimbo
586,Training,Youopia
587,Legal,Leenti
588,Services,Oba
589,Human Resources,Buzzdog
590,Research and Development,Riffpath
591,Training,Dynazzy
592,Legal,Chatterbridge
593,Product Management,Gigashots
594,Support,Brainverse
595,Business Development,Jaxspan
596,Services,Skalith
597,Accounting,Centimia
598,Research and Development,Thoughtmix
599,Training,Vidoo
600,Product Management,Zoomcast
601,Sales,Vipe
602,Support,Brainverse
603,Sales,Jayo
604,Human Resources,Tazz
605,Human Resources,Realfire
606,Training,Layo
607,Business Development,Shuffletag
608,Sales,Blogspan
609,Engineering,Realcube
610,Accounting,Browsebug
611,Support,Digitube
612,Human Resources,JumpXS
613,Human Resources,Bubblebox
614,Marketing,Twitterbridge
615,Services,Realpoint
616,Business Development,Flipbug
617,Training,Bubblemix
618,Legal,Bubbletube
619,Marketing,Blogtag
620,Support,Oyoba
621,Legal,Blogtag
622,Sales,Podcat
623,Human Resources,Photobug
624,Business Development,Zoonoodle
625,Product Management,Kwilith
626,Sales,Topicshots
627,Engineering,Photojam
628,Human Resources,Rhybox
629,Support,Snaptags
630,Business Development,Snaptags
631,Product Management,Wordware
632,Services,Nlounge
633,Training,Jaxworks
634,Services,Oyonder
635,Business Development,Eabox
636,Marketing,Innotype
637,Marketing,Skajo
638,Research and Development,Chatterbridge
639,Marketing,Riffwire
640,Legal,Skinix
641,Support,Jabbertype
642,Business Development,Fivechat
643,Support,Innojam
644,Support,Skinder
645,Sales,Photojam
646,Marketing,Gabtype
647,Research and Development,Shufflebeat
648,Support,Jayo
649,Accounting,Snaptags
650,Sales,Topiclounge
651,Sales,Rhyzio
652,Research and Development,Twimm
653,Business Development,Cogidoo
654,Sales,Browsecat
655,Marketing,Tanoodle
656,Human Resources,Yamia
657,Business Development,Livetube
658,Accounting,Twitternation
659,Engineering,Devshare
660,Research and Development,Innotype
661,Research and Development,Quaxo
662,Engineering,Skynoodle
663,Legal,Dynabox
664,Product Management,Yambee
665,Services,Voonix
666,Sales,Flashdog
667,Training,Oyoba
668,Legal,Twinte
669,Accounting,Yadel
670,Product Management,Demimbu
671,Business Development,Tanoodle
672,Research and Development,Tazz
673,Services,Roombo
674,Engineering,Linktype
675,Sales,Twinte
676,Research and Development,Quaxo
677,Services,Aimbu
678,Accounting,Brainverse
679,Research and Development,Photobug
680,Training,Quinu
681,Services,Gabcube
682,Business Development,Leexo
683,Legal,Browsedrive
684,Training,Brightdog
685,Research and Development,Kimia
686,Legal,Dazzlesphere
687,Legal,Flashspan
688,Marketing,Babblestorm
689,Accounting,Mybuzz
690,Engineering,Ailane
691,Engineering,Twinder
692,Human Resources,Realfire
693,Marketing,Devcast
694,Business Development,Centimia
695,Product Management,Realpoint
696,Services,Brightdog
697,Marketing,Flipbug
698,Research and Development,Thoughtsphere
699,Product Management,Thoughtmix
700,Business Development,Devpulse
701,Product Management,Brainbox
702,Engineering,Talane
703,Sales,Browsetype
704,Sales,Thoughtblab
705,Support,Oodoo
706,Business Development,Oodoo
707,Training,Centizu
708,Support,Devcast
709,Legal,Dabjam
710,Accounting,Gabvine
711,Business Development,Voolia
712,Research and Development,Yakitri
713,Research and Development,Cogilith
714,Training,Oloo
715,Support,Skalith
716,Sales,Geba
717,Sales,Dabtype
718,Business Development,Izio
719,Product Management,Voonder
720,Engineering,Nlounge
721,Legal,Ainyx
722,Services,Linkbridge
723,Sales,Livepath
724,Support,Demivee
725,Accounting,Mudo
726,Legal,Dabtype
727,Research and Development,Twinder
728,Marketing,Leenti
729,Human Resources,Youbridge
730,Research and Development,Agimba
731,Sales,Dabjam
732,Legal,Zoomcast
733,Support,Divape
734,Legal,Tambee
735,Product Management,Jetwire
736,Services,Quatz
737,Accounting,Yakitri
738,Engineering,Jetpulse
739,Marketing,Trudoo
740,Marketing,Skyba
741,Legal,Tavu
742,Marketing,Yakidoo
743,Services,Zoonder
744,Research and Development,Babbleset
745,Training,Topicblab
746,Support,Viva
747,Legal,Avaveo
748,Research and Development,Tambee
749,Human Resources,Yodo
750,Marketing,Browsetype
751,Business Development,Devpoint
752,Sales,Ailane
753,Product Management,Avaveo
754,Services,Skinix
755,Support,Wordpedia
756,Marketing,Skyndu
757,Services,Lazzy
758,Human Resources,Bubblemix
759,Human Resources,Tagchat
760,Product Management,Twimm
761,Engineering,Jabberbean
762,Support,Jayo
763,Business Development,Demivee
764,Legal,Teklist
765,Product Management,Agimba
766,Human Resources,Twitterbeat
767,Legal,Nlounge
768,Research and Development,Jayo
769,Support,Eire
770,Engineering,Tagchat
771,Product Management,Realbridge
772,Human Resources,Realmix
773,Services,Divanoodle
774,Services,Meejo
775,Legal,Miboo
776,Training,Tavu
777,Training,Dabfeed
778,Training,Vipe
779,Marketing,Babbleset
780,Support,Twimm
781,Business Development,Brainsphere
782,Product Management,Wordify
783,Training,Cogidoo
784,Accounting,Twitterbeat
785,Product Management,Dynazzy
786,Business Development,Dablist
787,Product Management,Gigashots
788,Accounting,Zoozzy
789,Support,Reallinks
790,Sales,Quatz
791,Marketing,Kwilith
792,Training,Flipopia
793,Research and Development,Plajo
794,Sales,Fanoodle
795,Research and Development,Cogidoo
796,Legal,Meetz
797,Legal,Abatz
798,Training,Jayo
799,Human Resources,Jaxspan
800,Business Development,Flashpoint
801,Sales,Tagcat
802,Training,Zoonoodle
803,Research and Development,Gigabox
804,Research and Development,Kayveo
805,Accounting,Skinte
806,Services,Brainsphere
807,Research and Development,Shufflester
808,Human Resources,Brightdog
809,Marketing,Zoomzone
810,Marketing,Thoughtmix
811,Accounting,Pixope
812,Marketing,Skiptube
813,Services,Jaxnation
814,Legal,Quimm
815,Sales,Brainlounge
816,Support,Mita
817,Product Management,Fanoodle
818,Research and Development,Rhynoodle
819,Human Resources,Twitternation
820,Support,JumpXS
821,Human Resources,Meevee
822,Training,Dablist
823,Marketing,Cogidoo
824,Accounting,Skaboo
825,Sales,Avamm
826,Accounting,Realfire
827,Research and Development,Zoomzone
828,Sales,Tazz
829,Sales,Edgetag
830,Sales,Yambee
831,Support,Midel
832,Research and Development,Tavu
833,Product Management,Demizz
834,Engineering,Vinder
835,Product Management,Skyndu
836,Training,Kaymbo
837,Accounting,Innojam
838,Research and Development,Muxo
839,Accounting,Realfire
840,Marketing,Divanoodle
841,Marketing,Vitz
842,Engineering,BlogXS
843,Research and Development,Lajo
844,Support,Tambee
845,Services,Shufflester
846,Legal,Zoomlounge
847,Product Management,Skinix
848,Legal,Kanoodle
849,Research and Development,Brainbox
850,Marketing,Dabfeed
851,Services,Quire
852,Services,Oyoba
853,Services,Jaxbean
854,Marketing,Tambee
855,Product Management,Jabbertype
856,Engineering,Innojam
857,Human Resources,Browsezoom
858,Training,Voonyx
859,Legal,Babbleopia
860,Product Management,Gigabox
861,Sales,Eazzy
862,Research and Development,Geba
863,Sales,Kazio
864,Training,Abata
865,Accounting,Reallinks
866,Business Development,Zoonoodle
867,Training,Linkbridge
868,Training,Jazzy
869,Engineering,Skibox
870,Product Management,Jayo
871,Engineering,Skajo
872,Human Resources,Eimbee
873,Sales,Eidel
874,Training,Jabbertype
875,Engineering,Rooxo
876,Training,Meedoo
877,Legal,Realcube
878,Services,Thoughtblab
879,Human Resources,Youopia
880,Support,Tavu
881,Support,Divavu
882,Legal,Dabshots
883,Human Resources,Quinu
884,Marketing,Voomm
885,Marketing,Youspan
886,Services,Youspan
887,Sales,Layo
888,Research and Development,Browsedrive
889,Training,Topdrive
890,Product Management,Katz
891,Accounting,Edgewire
892,Product Management,Jayo
893,Research and Development,Zooxo
894,Sales,Yata
895,Human Resources,Linklinks
896,Support,Bubblemix
897,Product Management,Realblab
898,Business Development,Zazio
899,Human Resources,Flashset
900,Human Resources,Dabfeed
901,Business Development,Camido
902,Services,Quimm
903,Business Development,Centidel
904,Human Resources,Yodel
905,Training,Bluejam
906,Human Resources,Topicblab
907,Business Development,Leenti
908,Research and Development,Realbuzz
909,Services,Quinu
910,Engineering,Trudeo
911,Training,Edgewire
912,Research and Development,Trunyx
913,Product Management,Plajo
914,Accounting,Brainbox
915,Product Management,Twitterlist
916,Human Resources,Agimba
917,Sales,Zoovu
918,Training,Skajo
919,Engineering,Mydo
920,Legal,LiveZ
921,Marketing,Kanoodle
922,Engineering,Meezzy
923,Services,Eidel
924,Research and Development,Brainbox
925,Business Development,Rooxo
926,Sales,Photobean
927,Marketing,Dabshots
928,Training,Omba
929,Engineering,Topicblab
930,Product Management,Jabberstorm
931,Product Management,Midel
932,Support,Oodoo
933,Research and Development,Buzzdog
934,Engineering,Skaboo
935,Research and Development,Rhynoodle
936,Legal,Jatri
937,Support,Ooba
938,Training,Shufflester
939,Engineering,Dabjam
940,Accounting,Roomm
941,Sales,Devshare
942,Training,Browseblab
943,Legal,Edgewire
944,Engineering,Dablist
945,Services,Ozu
946,Research and Development,Realblab
947,Business Development,Eabox
948,Engineering,Oyoloo
949,Services,Zooveo
950,Support,Tagtune
951,Research and Development,Feednation
952,Marketing,Jayo
953,Research and Development,Tagpad
954,Support,Topicshots
955,Services,Tavu
956,Support,Edgeify
957,Research and Development,Avamm
958,Engineering,Livetube
959,Research and Development,Chatterbridge
960,Product Management,Browsebug
961,Legal,Tagtune
962,Business Development,Yakitri
963,Training,Einti
964,Sales,Devpoint
965,Marketing,Flashpoint
966,Training,Voolith
967,Training,Talane
968,Support,Rhyloo
969,Accounting,Jayo
970,Training,Cogibox
971,Legal,Skidoo
972,Accounting,Eamia
973,Training,Brainbox
974,Legal,Skidoo
975,Engineering,Aibox
976,Sales,Topicshots
977,Legal,Fivechat
978,Sales,Edgeclub
979,Human Resources,Edgewire
980,Training,Tanoodle
981,Services,Buzzbean
982,Training,Yakidoo
983,Engineering,Tazz
984,Engineering,Meevee
985,Human Resources,Brainbox
986,Product Management,Roomm
987,Human Resources,Meevee
988,Engineering,Myworks
989,Support,Vidoo
990,Legal,Skyndu
991,Legal,Skiba
992,Business Development,Jaloo
993,Engineering,Skynoodle
994,Product Management,Nlounge
995,Research and Development,Nlounge
996,Product Management,Aivee
997,Human Resources,Realfire
998,Marketing,Yata
999,Research and Development,Omba
1000,Training,Jabbertype
